,/esr-music8/enought-to-belive-esrmusic8-remix,/esr-music8/andromeda-original-mix,/esr-music8/monolink-otherside-esrmusic8-remix,/esr-music8/hjourney,/esr-music8/monolink-father-ocean-esrmusic8-bootleg,/esr-music8/piano-in-clounds,/esr-music8/techno-pure,/esr-music8/sweet-disposition-esrmusic8-remix
/martin-gumpert,,"NIIKITA,1",,,,,,
/esr-music8,,"ESR Music8,1","ESR Music8,9","ESR Music8,1","ESR Music8,4","ESR Music8,2",,"ESR Music8,2"
/saphira-292154031,,,"Saphira,1",,,,,
/tonifromibiz,,,"ShÃ¼a,1",,,,,
/nathalie-cordeiro-388098157,,,"Nathalie Cordeiro,1","Nathalie Cordeiro,1",,,,
/simone-lopes-375105234,,,"Simone Lopes,1",,,,,
/douglas-santos-993564128,,,"Douglas Santos,1",,,"Douglas Santos,1",,
/user-719012902,,,"Catharina,1",,,,,
/eternomusic,,,"ETERNO,1",,,,,
/tobreaktazu08,,,"Tobreak Tazu,1",,,,,
/vasile-briscan,,,"Obsession,1",,,,,
/whathappensafter,,,"AF:TR,1",,,,,
/heiproject,,,,"HÄ“i project,1",,,,"HÄ“i project,1"
/audiocure,,,,"Audio Cure,1",,,,
/joyhillofficial,,,,"JOYHILL,1",,,,
/bgnzr1dm5duf,,,,,"Eternal,1",,,
/radiatorofsound,,,,,"Radiator Of Sound Records ðŸ”Š,1",,,
/user808624636,,,,,"Rosette Cribben,1",,,
/user-617832678-512417099,,,,,"TempoTantrum,1",,,
/prlproject-art,,,,,"BREAKY BREAK,1",,,
/glauro-rodrigues,,,,,,"Glauro Rodrigues,1",,
/clarkmusicoficial,,,,,,"Clark (SA),1",,
/nathanghigny,,,,,,"Gee Nee,1",,
/real-henryfonda-official,,,,,,"Henry Fonda DJ & Producer,2",,
/cssantos1,,,,,,,,"JurasicII,2"
